doi,analyte,candidate_i_id,candidate_j_id,pair_label,diff__ratio_hba_part,diff__ratio_hbd_part,diff__ratio_hba_fraction,diff__ratio_hba_to_hbd,diff__analyte_hba,diff__analyte_hbd,diff__analyte_heavyatoms,diff__analyte_logp,diff__analyte_molwt,diff__analyte_ringcount,diff__analyte_rotbonds,diff__analyte_tpsa,diff__des_hba_absdiff,diff__des_hba_wmean,diff__des_hbd_absdiff,diff__des_hbd_wmean,diff__des_heavyatoms_absdiff,diff__des_heavyatoms_wmean,diff__des_logp_absdiff,diff__des_logp_wmean,diff__des_ringcount_absdiff,diff__des_ringcount_wmean,diff__des_rotbonds_absdiff,diff__des_rotbonds_wmean,diff__des_tpsa_absdiff,diff__des_tpsa_wmean,diff__hba_hba,diff__hba_hbd,diff__hba_heavyatoms,diff__hba_logp,diff__hba_ringcount,diff__hba_rotbonds,diff__hba_tpsa,diff__hbd_hba,diff__hbd_hbd,diff__hbd_heavyatoms,diff__hbd_logp,diff__hbd_ringcount,diff__hbd_rotbonds,diff__hbd_tpsa,diff__pair_hba_absdiff,diff__pair_hba_product,diff__pair_hba_ratio,diff__pair_hbd_absdiff,diff__pair_hbd_product,diff__pair_hbd_ratio,diff__pair_hbond_acceptor_donor_product,diff__pair_hbond_balance_absdiff,diff__pair_hbond_complement_sum,diff__pair_hbond_donor_acceptor_product,diff__pair_heavyatoms_absdiff,diff__pair_heavyatoms_product,diff__pair_heavyatoms_ratio,diff__pair_logp_absdiff,diff__pair_logp_match_binary,diff__pair_logp_product,diff__pair_logp_ratio,diff__pair_molwt_absdiff,diff__pair_molwt_product,diff__pair_molwt_ratio,diff__pair_ringcount_absdiff,diff__pair_ringcount_product,diff__pair_rotbonds_absdiff,diff__pair_rotbonds_product,diff__pair_rotbonds_ratio,diff__pair_tpsa_absdiff,diff__pair_tpsa_match_binary,diff__pair_tpsa_product,diff__pair_tpsa_ratio
10.1016/j.microc.2025.114807,Imazapic,Aliquat 336 || Stearic acid || 01:01,Aliquat 336 || Decanoic acid || 01:01,1,0.0,0.0,0.0,0.0,0.0,0.0,0.0,0.0,0.0,0.0,0.0,0.0,0.0,0.0,0.0,0.0,-8.0,4.0,-1.4928000000000035,1.5604000000000022,0.0,0.0,-8.0,4.0,0.0,0.0,0.0,0.0,0.0,0.0,0.0,0.0,0.0,0.0,0.0,8.0,3.1208000000000053,0.0,8.0,0.0,0.0,0.0,0.0,0.0,0.0,0.0,0.0,0.0,0.0,0.0,3.0,80.0,-0.1745771958537915,1.5604000000000027,0.0,2.1522909280000038,-0.08321119811947389,56.10799999999995,15446.981263999987,-0.155651778081771,0.0,0.0,4.0,12.0,-0.04473438956197581,0.0,0.0,0.0,0.0
10.1016/j.microc.2025.114807,Imazapic,Aliquat 336 || Decanoic acid || 01:01,Aliquat 336 || Stearic acid || 01:01,0,0.0,0.0,0.0,0.0,0.0,0.0,0.0,0.0,0.0,0.0,0.0,0.0,0.0,0.0,0.0,0.0,8.0,-4.0,1.4928000000000035,-1.5604000000000022,0.0,0.0,8.0,-4.0,0.0,0.0,0.0,0.0,0.0,0.0,0.0,0.0,0.0,0.0,0.0,-8.0,-3.1208000000000053,0.0,-8.0,0.0,0.0,0.0,0.0,0.0,0.0,0.0,0.0,0.0,0.0,0.0,-3.0,-80.0,0.1745771958537915,-1.5604000000000027,0.0,-2.1522909280000038,0.08321119811947389,-56.10799999999995,-15446.981263999987,0.155651778081771,0.0,0.0,-4.0,-12.0,0.04473438956197581,0.0,0.0,0.0,0.0
10.1016/j.microc.2025.114807,Imazapic,Aliquat 336 || Stearic acid || 01:01,Aliquat 336 || Myristic acid || 01:01,1,0.0,0.0,0.0,0.0,0.0,0.0,0.0,0.0,0.0,0.0,0.0,0.0,0.0,0.0,0.0,0.0,-4.0,2.0,0.06759999999999877,0.7802000000000024,0.0,0.0,-4.0,2.0,0.0,0.0,0.0,0.0,0.0,0.0,0.0,0.0,0.0,0.0,0.0,4.0,1.5604000000000031,0.0,4.0,0.0,0.0,0.0,0.0,0.0,0.0,0.0,0.0,0.0,0.0,0.0,2.0,40.0,-0.07916872835230071,0.7802000000000029,0.0,1.0761454640000023,-0.03529679522198079,28.053999999999967,7723.490631999986,-0.07092255601482078,0.0,0.0,2.0,6.0,-0.019656019656019708,0.0,0.0,0.0,0.0
10.1016/j.microc.2025.114807,Imazapic,Aliquat 336 || Myristic acid || 01:01,Aliquat 336 || Stearic acid || 01:01,0,0.0,0.0,0.0,0.0,0.0,0.0,0.0,0.0,0.0,0.0,0.0,0.0,0.0,0.0,0.0,0.0,4.0,-2.0,-0.06759999999999877,-0.7802000000000024,0.0,0.0,4.0,-2.0,0.0,0.0,0.0,0.0,0.0,0.0,0.0,0.0,0.0,0.0,0.0,-4.0,-1.5604000000000031,0.0,-4.0,0.0,0.0,0.0,0.0,0.0,0.0,0.0,0.0,0.0,0.0,0.0,-2.0,-40.0,0.07916872835230071,-0.7802000000000029,0.0,-1.0761454640000023,0.03529679522198079,-28.053999999999967,-7723.490631999986,0.07092255601482078,0.0,0.0,-2.0,-6.0,0.019656019656019708,0.0,0.0,0.0,0.0
10.1016/j.microc.2025.114807,Oxyfluorfen,Aliquat 336 || Stearic acid || 01:01,Aliquat 336 || Decanoic acid || 01:01,1,0.0,0.0,0.0,0.0,0.0,0.0,0.0,0.0,0.0,0.0,0.0,0.0,0.0,0.0,0.0,0.0,-8.0,4.0,-1.4928000000000035,1.5604000000000022,0.0,0.0,-8.0,4.0,0.0,0.0,0.0,0.0,0.0,0.0,0.0,0.0,0.0,0.0,0.0,8.0,3.1208000000000053,0.0,8.0,0.0,0.0,0.0,0.0,0.0,0.0,0.0,0.0,0.0,0.0,0.0,-4.0,96.0,-0.20949263502455007,-0.6253999999999953,0.0,8.516663200000021,-0.3292685666386981,-56.10799999999995,20294.431923999975,-0.20449719981806114,0.0,0.0,4.0,20.0,-0.07455731593662629,0.0,0.0,0.0,0.0
10.1016/j.microc.2025.114807,Oxyfluorfen,Aliquat 336 || Decanoic acid || 01:01,Aliquat 336 || Stearic acid || 01:01,0,0.0,0.0,0.0,0.0,0.0,0.0,0.0,0.0,0.0,0.0,0.0,0.0,0.0,0.0,0.0,0.0,8.0,-4.0,1.4928000000000035,-1.5604000000000022,0.0,0.0,8.0,-4.0,0.0,0.0,0.0,0.0,0.0,0.0,0.0,0.0,0.0,0.0,0.0,-8.0,-3.1208000000000053,0.0,-8.0,0.0,0.0,0.0,0.0,0.0,0.0,0.0,0.0,0.0,0.0,0.0,4.0,-96.0,0.20949263502455007,0.6253999999999953,0.0,-8.516663200000021,0.3292685666386981,56.10799999999995,-20294.431923999975,0.20449719981806114,0.0,0.0,-4.0,-20.0,0.07455731593662629,0.0,0.0,0.0,0.0
10.1016/j.microc.2025.114807,Oxyfluorfen,Aliquat 336 || Stearic acid || 01:01,Aliquat 336 || Myristic acid || 01:01,1,0.0,0.0,0.0,0.0,0.0,0.0,0.0,0.0,0.0,0.0,0.0,0.0,0.0,0.0,0.0,0.0,-4.0,2.0,0.06759999999999877,0.7802000000000024,0.0,0.0,-4.0,2.0,0.0,0.0,0.0,0.0,0.0,0.0,0.0,0.0,0.0,0.0,0.0,4.0,1.5604000000000031,0.0,4.0,0.0,0.0,0.0,0.0,0.0,0.0,0.0,0.0,0.0,0.0,0.0,-2.0,48.0,-0.09500247402276107,0.1548000000000052,0.0,4.258331600000012,-0.1396702058416983,-28.05399999999998,10147.215961999987,-0.09317891698835035,0.0,0.0,2.0,10.0,-0.0327600327600327,0.0,0.0,0.0,0.0
10.1016/j.microc.2025.114807,Oxyfluorfen,Aliquat 336 || Myristic acid || 01:01,Aliquat 336 || Stearic acid || 01:01,0,0.0,0.0,0.0,0.0,0.0,0.0,0.0,0.0,0.0,0.0,0.0,0.0,0.0,0.0,0.0,0.0,4.0,-2.0,-0.06759999999999877,-0.7802000000000024,0.0,0.0,4.0,-2.0,0.0,0.0,0.0,0.0,0.0,0.0,0.0,0.0,0.0,0.0,0.0,-4.0,-1.5604000000000031,0.0,-4.0,0.0,0.0,0.0,0.0,0.0,0.0,0.0,0.0,0.0,0.0,0.0,2.0,-48.0,0.09500247402276107,-0.1548000000000052,0.0,-4.258331600000012,0.1396702058416983,28.05399999999998,-10147.215961999987,0.09317891698835035,0.0,0.0,-2.0,-10.0,0.0327600327600327,0.0,0.0,0.0,0.0
10.1016/j.microc.2025.114807,Pyridaben,Aliquat 336 || Stearic acid || 01:01,Aliquat 336 || Decanoic acid || 01:01,1,0.0,0.0,0.0,0.0,0.0,0.0,0.0,0.0,0.0,0.0,0.0,0.0,0.0,0.0,0.0,0.0,-8.0,4.0,-1.4928000000000035,1.5604000000000022,0.0,0.0,-8.0,4.0,0.0,0.0,0.0,0.0,0.0,0.0,0.0,0.0,0.0,0.0,0.0,8.0,3.1208000000000053,0.0,8.0,0.0,0.0,0.0,0.0,0.0,0.0,0.0,0.0,0.0,0.0,0.0,-4.0,96.0,-0.20949263502455007,-0.19239999999999924,0.0,8.178836600000022,-0.31620762038049377,-56.10799999999995,20476.16573599998,-0.20632844376740822,0.0,0.0,4.0,12.0,-0.04473438956197581,0.0,0.0,0.0,0.0
10.1016/j.microc.2025.114807,Pyridaben,Aliquat 336 || Decanoic acid || 01:01,Aliquat 336 || Stearic acid || 01:01,0,0.0,0.0,0.0,0.0,0.0,0.0,0.0,0.0,0.0,0.0,0.0,0.0,0.0,0.0,0.0,0.0,8.0,-4.0,1.4928000000000035,-1.5604000000000022,0.0,0.0,8.0,-4.0,0.0,0.0,0.0,0.0,0.0,0.0,0.0,0.0,0.0,0.0,0.0,-8.0,-3.1208000000000053,0.0,-8.0,0.0,0.0,0.0,0.0,0.0,0.0,0.0,0.0,0.0,0.0,0.0,4.0,-96.0,0.20949263502455007,0.19239999999999924,0.0,-8.178836600000022,0.31620762038049377,56.10799999999995,-20476.16573599998,0.20632844376740822,0.0,0.0,-4.0,-12.0,0.04473438956197581,0.0,0.0,0.0,0.0
10.1016/j.microc.2025.114807,Pyridaben,Aliquat 336 || Stearic acid || 01:01,Aliquat 336 || Myristic acid || 01:01,1,0.0,0.0,0.0,0.0,0.0,0.0,0.0,0.0,0.0,0.0,0.0,0.0,0.0,0.0,0.0,0.0,-4.0,2.0,0.06759999999999877,0.7802000000000024,0.0,0.0,-4.0,2.0,0.0,0.0,0.0,0.0,0.0,0.0,0.0,0.0,0.0,0.0,0.0,4.0,1.5604000000000031,0.0,4.0,0.0,0.0,0.0,0.0,0.0,0.0,0.0,0.0,0.0,0.0,0.0,-2.0,48.0,-0.09500247402276107,0.5878000000000014,0.0,4.089418300000016,-0.1341299714033095,-28.05399999999997,10238.082867999998,-0.09401332121536865,0.0,0.0,2.0,6.0,-0.019656019656019708,0.0,0.0,0.0,0.0
10.1016/j.microc.2025.114807,Pyridaben,Aliquat 336 || Myristic acid || 01:01,Aliquat 336 || Stearic acid || 01:01,0,0.0,0.0,0.0,0.0,0.0,0.0,0.0,0.0,0.0,0.0,0.0,0.0,0.0,0.0,0.0,0.0,4.0,-2.0,-0.06759999999999877,-0.7802000000000024,0.0,0.0,4.0,-2.0,0.0,0.0,0.0,0.0,0.0,0.0,0.0,0.0,0.0,0.0,0.0,-4.0,-1.5604000000000031,0.0,-4.0,0.0,0.0,0.0,0.0,0.0,0.0,0.0,0.0,0.0,0.0,0.0,2.0,-48.0,0.09500247402276107,-0.5878000000000014,0.0,-4.089418300000016,0.1341299714033095,28.05399999999997,-10238.082867999998,0.09401332121536865,0.0,0.0,-2.0,-6.0,0.019656019656019708,0.0,0.0,0.0,0.0
10.1016/j.molliq.2023.121806,2-nitrophenol,Cineole || Linoleic acid || 01:01,Cineole || Linoleic acid || 01:01,1,0.0,0.0,0.0,0.0,0.0,0.0,0.0,0.0,0.0,0.0,0.0,0.0,0.0,0.0,0.0,0.0,0.0,0.0,0.0,0.0,0.0,0.0,0.0,0.0,0.0,0.0,0.0,0.0,0.0,0.0,0.0,0.0,0.0,0.0,0.0,0.0,0.0,0.0,0.0,0.0,0.0,0.0,0.0,0.0,0.0,0.0,0.0,0.0,0.0,0.0,0.0,0.0,0.0,0.0,0.0,0.0,0.0,0.0,0.0,0.0,0.0,0.0,0.0,0.0,0.0,0.0,0.0,0.0,0.0
10.1016/j.molliq.2023.121806,2-nitrophenol,Cineole || Linoleic acid || 01:01,Cineole || Linoleic acid || 01:01,0,0.0,0.0,0.0,0.0,0.0,0.0,0.0,0.0,0.0,0.0,0.0,0.0,0.0,0.0,0.0,0.0,0.0,0.0,0.0,0.0,0.0,0.0,0.0,0.0,0.0,0.0,0.0,0.0,0.0,0.0,0.0,0.0,0.0,0.0,0.0,0.0,0.0,0.0,0.0,0.0,0.0,0.0,0.0,0.0,0.0,0.0,0.0,0.0,0.0,0.0,0.0,0.0,0.0,0.0,0.0,0.0,0.0,0.0,0.0,0.0,0.0,0.0,0.0,0.0,0.0,0.0,0.0,0.0,0.0
10.1016/j.molliq.2023.121806,2-nitrophenol,Cineole || Linoleic acid || 01:01,Cineole || Linoleic acid || 01:01,1,0.0,0.0,0.0,0.0,0.0,0.0,0.0,0.0,0.0,0.0,0.0,0.0,0.0,0.0,0.0,0.0,0.0,0.0,0.0,0.0,0.0,0.0,0.0,0.0,0.0,0.0,0.0,0.0,0.0,0.0,0.0,0.0,0.0,0.0,0.0,0.0,0.0,0.0,0.0,0.0,0.0,0.0,0.0,0.0,0.0,0.0,0.0,0.0,0.0,0.0,0.0,0.0,0.0,0.0,0.0,0.0,0.0,0.0,0.0,0.0,0.0,0.0,0.0,0.0,0.0,0.0,0.0,0.0,0.0
10.1016/j.molliq.2023.121806,2-nitrophenol,Cineole || Linoleic acid || 01:01,Cineole || Linoleic acid || 01:01,0,0.0,0.0,0.0,0.0,0.0,0.0,0.0,0.0,0.0,0.0,0.0,0.0,0.0,0.0,0.0,0.0,0.0,0.0,0.0,0.0,0.0,0.0,0.0,0.0,0.0,0.0,0.0,0.0,0.0,0.0,0.0,0.0,0.0,0.0,0.0,0.0,0.0,0.0,0.0,0.0,0.0,0.0,0.0,0.0,0.0,0.0,0.0,0.0,0.0,0.0,0.0,0.0,0.0,0.0,0.0,0.0,0.0,0.0,0.0,0.0,0.0,0.0,0.0,0.0,0.0,0.0,0.0,0.0,0.0
10.1016/j.molliq.2023.121806,2-nitrophenol,Camphor || Linoleic acid || 01:01,Cineole || Linoleic acid || 01:01,1,0.0,0.0,0.0,0.0,0.0,0.0,0.0,0.0,0.0,0.0,0.0,0.0,0.0,0.0,0.0,0.0,0.0,0.0,0.3424000000000009,-0.1711999999999998,-1.0,-0.5,0.0,0.0,-7.84,3.919999999999998,0.0,0.0,0.0,-0.3424000000000005,-1.0,0.0,7.84,0.0,0.0,0.0,0.0,0.0,0.0,0.0,0.0,0.0,0.0,0.0,0.0,0.0,0.0,0.0,0.0,0.0,0.0,0.0,0.0,-0.17119999999999935,0.0,-0.22262847999999824,0.01245503534684328,-1.0080000000000382,-140.2228800000048,0.0029820051148164994,-0.5,-0.5,0.0,0.0,0.0,-3.9199999999999946,0.0,248.41039999999975,-0.3927691600258214
10.1016/j.molliq.2023.121806,2-nitrophenol,Cineole || Linoleic acid || 01:01,Camphor || Linoleic acid || 01:01,0,0.0,0.0,0.0,0.0,0.0,0.0,0.0,0.0,0.0,0.0,0.0,0.0,0.0,0.0,0.0,0.0,0.0,0.0,-0.3424000000000009,0.1711999999999998,1.0,0.5,0.0,0.0,7.84,-3.919999999999998,0.0,0.0,0.0,0.3424000000000005,1.0,0.0,-7.84,0.0,0.0,0.0,0.0,0.0,0.0,0.0,0.0,0.0,0.0,0.0,0.0,0.0,0.0,0.0,0.0,0.0,0.0,0.0,0.0,0.17119999999999935,0.0,0.22262847999999824,-0.01245503534684328,1.0080000000000382,140.2228800000048,-0.0029820051148164994,0.5,0.5,0.0,0.0,0.0,3.9199999999999946,0.0,-248.41039999999975,0.3927691600258214
10.1016/j.molliq.2023.121806,2-nitrophenol,Camphor || Linoleic acid || 01:01,Cineole || Linoleic acid || 01:01,1,0.0,0.0,0.0,0.0,0.0,0.0,0.0,0.0,0.0,0.0,0.0,0.0,0.0,0.0,0.0,0.0,0.0,0.0,0.3424000000000009,-0.1711999999999998,-1.0,-0.5,0.0,0.0,-7.84,3.919999999999998,0.0,0.0,0.0,-0.3424000000000005,-1.0,0.0,7.84,0.0,0.0,0.0,0.0,0.0,0.0,0.0,0.0,0.0,0.0,0.0,0.0,0.0,0.0,0.0,0.0,0.0,0.0,0.0,0.0,-0.17119999999999935,0.0,-0.22262847999999824,0.01245503534684328,-1.0080000000000382,-140.2228800000048,0.0029820051148164994,-0.5,-0.5,0.0,0.0,0.0,-3.9199999999999946,0.0,248.41039999999975,-0.3927691600258214
10.1016/j.molliq.2023.121806,2-nitrophenol,Cineole || Linoleic acid || 01:01,Camphor || Linoleic acid || 01:01,0,0.0,0.0,0.0,0.0,0.0,0.0,0.0,0.0,0.0,0.0,0.0,0.0,0.0,0.0,0.0,0.0,0.0,0.0,-0.3424000000000009,0.1711999999999998,1.0,0.5,0.0,0.0,7.84,-3.919999999999998,0.0,0.0,0.0,0.3424000000000005,1.0,0.0,-7.84,0.0,0.0,0.0,0.0,0.0,0.0,0.0,0.0,0.0,0.0,0.0,0.0,0.0,0.0,0.0,0.0,0.0,0.0,0.0,0.0,0.17119999999999935,0.0,0.22262847999999824,-0.01245503534684328,1.0080000000000382,140.2228800000048,-0.0029820051148164994,0.5,0.5,0.0,0.0,0.0,3.9199999999999946,0.0,-248.41039999999975,0.3927691600258214
10.1016/j.molliq.2023.121806,2-nitrophenol,Carvone || Linoleic acid || 01:01,Cineole || Linoleic acid || 01:01,1,0.0,0.0,0.0,0.0,0.0,0.0,0.0,0.0,0.0,0.0,0.0,0.0,0.0,0.0,0.0,0.0,0.0,0.0,0.25620000000000065,-0.12809999999999988,-2.0,-1.0,-1.0,0.5,-7.84,3.919999999999998,0.0,0.0,0.0,-0.25620000000000065,-2.0,1.0,7.84,0.0,0.0,0.0,0.0,0.0,0.0,0.0,0.0,0.0,0.0,0.0,0.0,0.0,0.0,0.0,0.0,0.0,0.0,0.0,0.0,-0.12809999999999944,0.0,-0.1665812399999993,0.009223500511917004,-2.0160000000000196,-280.44576000000234,0.0059919280341456105,0.0,-1.0,0.5,0.5,-0.00952380952380949,-3.9199999999999946,0.0,248.41039999999975,-0.3927691600258214
10.1016/j.molliq.2023.121806,2-nitrophenol,Cineole || Linoleic acid || 01:01,Carvone || Linoleic acid || 01:01,0,0.0,0.0,0.0,0.0,0.0,0.0,0.0,0.0,0.0,0.0,0.0,0.0,0.0,0.0,0.0,0.0,0.0,0.0,-0.25620000000000065,0.12809999999999988,2.0,1.0,1.0,-0.5,7.84,-3.919999999999998,0.0,0.0,0.0,0.25620000000000065,2.0,-1.0,-7.84,0.0,0.0,0.0,0.0,0.0,0.0,0.0,0.0,0.0,0.0,0.0,0.0,0.0,0.0,0.0,0.0,0.0,0.0,0.0,0.0,0.12809999999999944,0.0,0.1665812399999993,-0.009223500511917004,2.0160000000000196,280.44576000000234,-0.0059919280341456105,0.0,1.0,-0.5,-0.5,0.00952380952380949,3.9199999999999946,0.0,-248.41039999999975,0.3927691600258214
10.1016/j.molliq.2023.121806,2-nitrophenol,Carvone || Linoleic acid || 01:01,Cineole || Linoleic acid || 01:01,1,0.0,0.0,0.0,0.0,0.0,0.0,0.0,0.0,0.0,0.0,0.0,0.0,0.0,0.0,0.0,0.0,0.0,0.0,0.25620000000000065,-0.12809999999999988,-2.0,-1.0,-1.0,0.5,-7.84,3.919999999999998,0.0,0.0,0.0,-0.25620000000000065,-2.0,1.0,7.84,0.0,0.0,0.0,0.0,0.0,0.0,0.0,0.0,0.0,0.0,0.0,0.0,0.0,0.0,0.0,0.0,0.0,0.0,0.0,0.0,-0.12809999999999944,0.0,-0.1665812399999993,0.009223500511917004,-2.0160000000000196,-280.44576000000234,0.0059919280341456105,0.0,-1.0,0.5,0.5,-0.00952380952380949,-3.9199999999999946,0.0,248.41039999999975,-0.3927691600258214
10.1016/j.molliq.2023.121806,2-nitrophenol,Cineole || Linoleic acid || 01:01,Carvone || Linoleic acid || 01:01,0,0.0,0.0,0.0,0.0,0.0,0.0,0.0,0.0,0.0,0.0,0.0,0.0,0.0,0.0,0.0,0.0,0.0,0.0,-0.25620000000000065,0.12809999999999988,2.0,1.0,1.0,-0.5,7.84,-3.919999999999998,0.0,0.0,0.0,0.25620000000000065,2.0,-1.0,-7.84,0.0,0.0,0.0,0.0,0.0,0.0,0.0,0.0,0.0,0.0,0.0,0.0,0.0,0.0,0.0,0.0,0.0,0.0,0.0,0.0,0.12809999999999944,0.0,0.1665812399999993,-0.009223500511917004,2.0160000000000196,280.44576000000234,-0.0059919280341456105,0.0,1.0,-0.5,-0.5,0.00952380952380949,3.9199999999999946,0.0,-248.41039999999975,0.3927691600258214
10.1016/j.molliq.2023.121806,4-nitrophenol,Cineole || Linoleic acid || 01:01,Camphor || Linoleic acid || 01:01,1,0.0,0.0,0.0,0.0,0.0,0.0,0.0,0.0,0.0,0.0,0.0,0.0,0.0,0.0,0.0,0.0,0.0,0.0,-0.3424000000000009,0.1711999999999998,1.0,0.5,0.0,0.0,7.84,-3.919999999999998,0.0,0.0,0.0,0.3424000000000005,1.0,0.0,-7.84,0.0,0.0,0.0,0.0,0.0,0.0,0.0,0.0,0.0,0.0,0.0,0.0,0.0,0.0,0.0,0.0,0.0,0.0,0.0,0.0,0.17119999999999935,0.0,0.22262847999999824,-0.01245503534684328,1.0080000000000382,140.2228800000048,-0.0029820051148164994,0.5,0.5,0.0,0.0,0.0,3.9199999999999946,0.0,-248.41039999999975,0.3927691600258214
10.1016/j.molliq.2023.121806,4-nitrophenol,Camphor || Linoleic acid || 01:01,Cineole || Linoleic acid || 01:01,0,0.0,0.0,0.0,0.0,0.0,0.0,0.0,0.0,0.0,0.0,0.0,0.0,0.0,0.0,0.0,0.0,0.0,0.0,0.3424000000000009,-0.1711999999999998,-1.0,-0.5,0.0,0.0,-7.84,3.919999999999998,0.0,0.0,0.0,-0.3424000000000005,-1.0,0.0,7.84,0.0,0.0,0.0,0.0,0.0,0.0,0.0,0.0,0.0,0.0,0.0,0.0,0.0,0.0,0.0,0.0,0.0,0.0,0.0,0.0,-0.17119999999999935,0.0,-0.22262847999999824,0.01245503534684328,-1.0080000000000382,-140.2228800000048,0.0029820051148164994,-0.5,-0.5,0.0,0.0,0.0,-3.9199999999999946,0.0,248.41039999999975,-0.3927691600258214
10.1016/j.molliq.2023.121806,4-nitrophenol,Carvone || Linoleic acid || 01:01,Camphor || Linoleic acid || 01:01,1,0.0,0.0,0.0,0.0,0.0,0.0,0.0,0.0,0.0,0.0,0.0,0.0,0.0,0.0,0.0,0.0,0.0,0.0,-0.08620000000000028,0.043099999999999916,-1.0,-0.5,-1.0,0.5,0.0,0.0,0.0,0.0,0.0,0.08619999999999983,-1.0,1.0,0.0,0.0,0.0,0.0,0.0,0.0,0.0,0.0,0.0,0.0,0.0,0.0,0.0,0.0,0.0,0.0,0.0,0.0,0.0,0.0,0.0,0.043099999999999916,0.0,0.05604723999999894,-0.003231534834926275,-1.0079999999999814,-140.22287999999753,0.003009922919329111,0.5,-0.5,0.5,0.5,-0.00952380952380949,0.0,0.0,0.0,0.0
10.1016/j.molliq.2023.121806,4-nitrophenol,Camphor || Linoleic acid || 01:01,Carvone || Linoleic acid || 01:01,0,0.0,0.0,0.0,0.0,0.0,0.0,0.0,0.0,0.0,0.0,0.0,0.0,0.0,0.0,0.0,0.0,0.0,0.0,0.08620000000000028,-0.043099999999999916,1.0,0.5,1.0,-0.5,0.0,0.0,0.0,0.0,0.0,-0.08619999999999983,1.0,-1.0,0.0,0.0,0.0,0.0,0.0,0.0,0.0,0.0,0.0,0.0,0.0,0.0,0.0,0.0,0.0,0.0,0.0,0.0,0.0,0.0,0.0,-0.043099999999999916,0.0,-0.05604723999999894,0.003231534834926275,1.0079999999999814,140.22287999999753,-0.003009922919329111,-0.5,0.5,-0.5,-0.5,0.00952380952380949,0.0,0.0,0.0,0.0
10.1016/j.talanta.2017.03.020,alpha-HCH,Choline chloride || Urea || 01:02,Choline chloride || Phenol || 01:02,1,0.0,0.0,0.0,0.0,0.0,0.0,0.0,0.0,0.0,0.0,0.0,0.0,0.0,0.0,1.0,0.6666666666666667,3.0,-2.0,-2.3684,-1.578933333333333,-1.0,-0.6666666666666666,0.0,0.0,48.88,32.58666666666666,0.0,0.0,0.0,0.0,0.0,0.0,0.0,0.0,1.0,-3.0,-2.3683999999999994,-1.0,0.0,48.879999999999995,0.0,0.0,0.0,0.6666666666666667,0.0,0.0,0.0,0.666666666666667,0.0,0.0,2.0,-24.0,0.6136363636363635,1.578933333333333,0.0,-5.754264640000001,18.680753729743167,22.704666666666697,-6603.243616,0.6978892362789382,0.6666666666666667,-0.6666666666666666,0.0,0.0,0.0,32.58666666666666,0.0,0.0,0.0
10.1016/j.talanta.2017.03.020,alpha-HCH,Choline chloride || Phenol || 01:02,Choline chloride || Urea || 01:02,0,0.0,0.0,0.0,0.0,0.0,0.0,0.0,0.0,0.0,0.0,0.0,0.0,0.0,0.0,-1.0,-0.6666666666666667,-3.0,2.0,2.3684,1.578933333333333,1.0,0.6666666666666666,0.0,0.0,-48.88,-32.58666666666666,0.0,0.0,0.0,0.0,0.0,0.0,0.0,0.0,-1.0,3.0,2.3683999999999994,1.0,0.0,-48.879999999999995,0.0,0.0,0.0,-0.6666666666666667,0.0,0.0,0.0,-0.666666666666667,0.0,0.0,-2.0,24.0,-0.6136363636363635,-1.578933333333333,0.0,5.754264640000001,-18.680753729743167,-22.704666666666697,6603.243616,-0.6978892362789382,-0.6666666666666667,0.6666666666666666,0.0,0.0,0.0,-32.58666666666666,0.0,0.0,0.0
10.1016/j.talanta.2017.03.020,alpha-HCH,Choline chloride || Urea || 01:02,Choline chloride || Acetic acid || 01:02,1,0.0,0.0,0.0,0.0,0.0,0.0,0.0,0.0,0.0,0.0,0.0,0.0,0.0,0.0,1.0,0.6666666666666667,0.0,0.0,-1.0671,-0.7113999999999998,0.0,0.0,0.0,0.0,31.810000000000006,21.206666666666663,0.0,0.0,0.0,0.0,0.0,0.0,0.0,0.0,1.0,0.0,-1.0671,0.0,0.0,31.810000000000002,0.0,0.0,0.0,0.6666666666666667,0.0,0.0,0.0,0.666666666666667,0.0,0.0,0.0,0.0,0.0,0.7114000000000003,0.0,-2.59262616,1.416643524728272,-0.0026666666666130823,0.7755519999918761,-0.00010346556268281404,0.0,0.0,0.0,0.0,0.0,21.206666666666663,0.0,0.0,0.0
10.1016/j.talanta.2017.03.020,alpha-HCH,Choline chloride || Acetic acid || 01:02,Choline chloride || Urea || 01:02,0,0.0,0.0,0.0,0.0,0.0,0.0,0.0,0.0,0.0,0.0,0.0,0.0,0.0,0.0,-1.0,-0.6666666666666667,0.0,0.0,1.0671,0.7113999999999998,0.0,0.0,0.0,0.0,-31.810000000000006,-21.206666666666663,0.0,0.0,0.0,0.0,0.0,0.0,0.0,0.0,-1.0,0.0,1.0671,0.0,0.0,-31.810000000000002,0.0,0.0,0.0,-0.6666666666666667,0.0,0.0,0.0,-0.666666666666667,0.0,0.0,0.0,0.0,0.0,-0.7114000000000003,0.0,2.59262616,-1.416643524728272,0.0026666666666130823,-0.7755519999918761,0.00010346556268281404,0.0,0.0,0.0,0.0,0.0,-21.206666666666663,0.0,0.0,0.0
10.1016/j.talanta.2017.03.020,alpha-HCH,Choline chloride || Urea || 01:02,Choline chloride || Glycerol || 01:02,1,0.0,0.0,0.0,0.0,0.0,0.0,0.0,0.0,0.0,0.0,0.0,0.0,-2.0,-1.333333333333333,-1.0,-0.6666666666666663,2.0,-1.333333333333334,0.6918999999999997,0.4612666666666667,0.0,0.0,2.0,-1.3333333333333335,8.420000000000002,5.613333333333337,0.0,0.0,0.0,0.0,0.0,0.0,0.0,-2.0,-1.0,-2.0,0.6919,0.0,-2.0,8.420000000000002,-1.333333333333333,0.0,0.0,-0.6666666666666663,0.0,0.0,0.0,-2.0,0.0,0.0,1.333333333333334,-16.0,0.4500000000000002,-0.46126666666666605,0.0,1.6810402400000006,-0.432414961701989,21.358666666666693,-6211.783744000008,0.6647031299423753,0.0,0.0,-1.3333333333333335,0.0,0.0,5.613333333333337,0.0,0.0,0.0
10.1016/j.talanta.2017.03.020,alpha-HCH,Choline chloride || Glycerol || 01:02,Choline chloride || Urea || 01:02,0,0.0,0.0,0.0,0.0,0.0,0.0,0.0,0.0,0.0,0.0,0.0,0.0,2.0,1.333333333333333,1.0,0.6666666666666663,-2.0,1.333333333333334,-0.6918999999999997,-0.4612666666666667,0.0,0.0,-2.0,1.3333333333333335,-8.420000000000002,-5.613333333333337,0.0,0.0,0.0,0.0,0.0,0.0,0.0,2.0,1.0,2.0,-0.6919,0.0,2.0,-8.420000000000002,1.333333333333333,0.0,0.0,0.6666666666666663,0.0,0.0,0.0,2.0,0.0,0.0,-1.333333333333334,16.0,-0.4500000000000002,0.46126666666666605,0.0,-1.6810402400000006,0.432414961701989,-21.358666666666693,6211.783744000008,-0.6647031299423753,0.0,0.0,1.3333333333333335,0.0,0.0,-5.613333333333337,0.0,0.0,0.0
10.1016/j.talanta.2025.127692,Picoxystrobin,Amyltriphenylphosphonium bromide (ATPB) || Hexanoic acid || 01:06,Methyltriphenylphosphonium bromide (MTPB) || Hexanoic acid || 01:06,1,0.0,0.0,0.0,0.0,0.0,0.0,0.0,0.0,0.0,0.0,0.0,0.0,0.0,0.0,0.0,0.0,4.0,0.5714285714285712,-0.5136000000000001,0.2229142857142854,0.0,0.0,2.0,0.5714285714285716,0.0,0.0,0.0,0.0,4.0,1.5603999999999976,0.0,4.0,0.0,0.0,0.0,0.0,0.0,0.0,0.0,0.0,0.0,0.0,0.0,0.0,0.0,0.0,0.0,0.0,0.0,0.0,-0.5714285714285712,14.857142857142946,-0.14453047448878298,-0.2229142857142854,0.0,0.8559239828571421,-0.3298921996409776,-8.015428571428515,2944.251269142849,-0.12325702981871123,0.0,0.0,-0.5714285714285716,3.4285714285714306,-0.20071684587813632,0.0,0.0,0.0,0.0
10.1016/j.talanta.2025.127692,Picoxystrobin,Methyltriphenylphosphonium bromide (MTPB) || Hexanoic acid || 01:06,Amyltriphenylphosphonium bromide (ATPB) || Hexanoic acid || 01:06,0,0.0,0.0,0.0,0.0,0.0,0.0,0.0,0.0,0.0,0.0,0.0,0.0,0.0,0.0,0.0,0.0,-4.0,-0.5714285714285712,0.5136000000000001,-0.2229142857142854,0.0,0.0,-2.0,-0.5714285714285716,0.0,0.0,0.0,0.0,-4.0,-1.5603999999999976,0.0,-4.0,0.0,0.0,0.0,0.0,0.0,0.0,0.0,0.0,0.0,0.0,0.0,0.0,0.0,0.0,0.0,0.0,0.0,0.0,0.5714285714285712,-14.857142857142946,0.14453047448878298,0.2229142857142854,0.0,-0.8559239828571421,0.3298921996409776,8.015428571428515,-2944.251269142849,0.12325702981871123,0.0,0.0,0.5714285714285716,-3.4285714285714306,0.20071684587813632,0.0,0.0,0.0,0.0
10.1016/j.talanta.2025.127692,Picoxystrobin,Amyltriphenylphosphonium bromide (ATPB) || Hexanoic acid || 01:06,Ethyltriphenylphosphonium bromide (ETPB) || Hexanoic acid || 01:06,1,0.0,0.0,0.0,0.0,0.0,0.0,0.0,0.0,0.0,0.0,0.0,0.0,0.0,0.0,0.0,0.0,3.0,0.4285714285714288,-0.12350000000000083,0.16718571428571405,0.0,0.0,3.0,0.4285714285714288,0.0,0.0,0.0,0.0,3.0,1.1702999999999983,0.0,3.0,0.0,0.0,0.0,0.0,0.0,0.0,0.0,0.0,0.0,0.0,0.0,0.0,0.0,0.0,0.0,0.0,0.0,0.0,-0.4285714285714288,11.142857142857224,-0.10684931506849349,-0.16718571428571405,0.0,0.6419429871428566,-0.23857416793879782,-6.011571428571358,2208.1884518571314,-0.0912288864643851,0.0,0.0,-0.4285714285714288,2.571428571428573,-0.14516129032258074,0.0,0.0,0.0,0.0
10.1016/j.talanta.2025.127692,Picoxystrobin,Ethyltriphenylphosphonium bromide (ETPB) || Hexanoic acid || 01:06,Amyltriphenylphosphonium bromide (ATPB) || Hexanoic acid || 01:06,0,0.0,0.0,0.0,0.0,0.0,0.0,0.0,0.0,0.0,0.0,0.0,0.0,0.0,0.0,0.0,0.0,-3.0,-0.4285714285714288,0.12350000000000083,-0.16718571428571405,0.0,0.0,-3.0,-0.4285714285714288,0.0,0.0,0.0,0.0,-3.0,-1.1702999999999983,0.0,-3.0,0.0,0.0,0.0,0.0,0.0,0.0,0.0,0.0,0.0,0.0,0.0,0.0,0.0,0.0,0.0,0.0,0.0,0.0,0.4285714285714288,-11.142857142857224,0.10684931506849349,0.16718571428571405,0.0,-0.6419429871428566,0.23857416793879782,6.011571428571358,-2208.1884518571314,0.0912288864643851,0.0,0.0,0.4285714285714288,-2.571428571428573,0.14516129032258074,0.0,0.0,0.0,0.0
10.1016/j.talanta.2025.127692,Picoxystrobin,Amyltriphenylphosphonium bromide (ATPB) || Hexanoic acid || 01:06,Propyltriphenylphosphonium bromide (PTPB) || Hexanoic acid || 01:06,1,0.0,0.0,0.0,0.0,0.0,0.0,0.0,0.0,0.0,0.0,0.0,0.0,0.0,0.0,0.0,0.0,2.0,0.2857142857142865,0.26659999999999795,0.11145714285714292,0.0,0.0,2.0,0.2857142857142856,0.0,0.0,0.0,0.0,2.0,0.7801999999999996,0.0,2.0,0.0,0.0,0.0,0.0,0.0,0.0,0.0,0.0,0.0,0.0,0.0,0.0,0.0,0.0,0.0,0.0,0.0,0.0,-0.2857142857142865,7.428571428571502,-0.07022959675863438,-0.1114571428571427,0.0,0.42796199142857194,-0.1535598379906009,-4.007714285714286,1472.1256345714355,-0.06003097797708401,0.0,0.0,-0.2857142857142856,1.7142857142857117,-0.09343715239154604,0.0,0.0,0.0,0.0
10.1016/j.talanta.2025.127692,Picoxystrobin,Propyltriphenylphosphonium bromide (PTPB) || Hexanoic acid || 01:06,Amyltriphenylphosphonium bromide (ATPB) || Hexanoic acid || 01:06,0,0.0,0.0,0.0,0.0,0.0,0.0,0.0,0.0,0.0,0.0,0.0,0.0,0.0,0.0,0.0,0.0,-2.0,-0.2857142857142865,-0.26659999999999795,-0.11145714285714292,0.0,0.0,-2.0,-0.2857142857142856,0.0,0.0,0.0,0.0,-2.0,-0.7801999999999996,0.0,-2.0,0.0,0.0,0.0,0.0,0.0,0.0,0.0,0.0,0.0,0.0,0.0,0.0,0.0,0.0,0.0,0.0,0.0,0.0,0.2857142857142865,-7.428571428571502,0.07022959675863438,0.1114571428571427,0.0,-0.42796199142857194,0.1535598379906009,4.007714285714286,-1472.1256345714355,0.06003097797708401,0.0,0.0,0.2857142857142856,-1.7142857142857117,0.09343715239154604,0.0,0.0,0.0,0.0
10.1016/j.talanta.2025.127692,Picoxystrobin,Amyltriphenylphosphonium bromide (ATPB) || Hexanoic acid || 01:06,Hexyltriphenylphosphonium bromide (HTPB) || Hexanoic acid || 01:06,1,0.0,0.0,0.0,0.0,0.0,0.0,0.0,0.0,0.0,0.0,0.0,0.0,0.0,0.0,0.0,0.0,-1.0,-0.14285714285714235,-0.39010000000000045,-0.05572857142857157,0.0,0.0,-1.0,-0.14285714285714235,0.0,0.0,0.0,0.0,-1.0,-0.39010000000000034,0.0,-1.0,0.0,0.0,0.0,0.0,0.0,0.0,0.0,0.0,0.0,0.0,0.0,0.0,0.0,0.0,0.0,0.0,0.0,0.0,0.14285714285714235,-3.7142857142856087,0.033691225472046504,0.055728571428571794,0.0,-0.21398099571428641,0.06957568417656201,2.003857142857157,-736.0628172857105,0.028892076568898695,0.0,0.0,0.14285714285714235,-0.8571428571428541,0.04233870967741926,0.0,0.0,0.0,0.0
10.1016/j.talanta.2025.127692,Picoxystrobin,Hexyltriphenylphosphonium bromide (HTPB) || Hexanoic acid || 01:06,Amyltriphenylphosphonium bromide (ATPB) || Hexanoic acid || 01:06,0,0.0,0.0,0.0,0.0,0.0,0.0,0.0,0.0,0.0,0.0,0.0,0.0,0.0,0.0,0.0,0.0,1.0,0.14285714285714235,0.39010000000000045,0.05572857142857157,0.0,0.0,1.0,0.14285714285714235,0.0,0.0,0.0,0.0,1.0,0.39010000000000034,0.0,1.0,0.0,0.0,0.0,0.0,0.0,0.0,0.0,0.0,0.0,0.0,0.0,0.0,0.0,0.0,0.0,0.0,0.0,0.0,-0.14285714285714235,3.7142857142856087,-0.033691225472046504,-0.055728571428571794,0.0,0.21398099571428641,-0.06957568417656201,-2.003857142857157,736.0628172857105,-0.028892076568898695,0.0,0.0,-0.14285714285714235,0.8571428571428541,-0.04233870967741926,0.0,0.0,0.0,0.0
10.1016/j.talanta.2025.127692,Picoxystrobin,Amyltriphenylphosphonium bromide (ATPB) || Hexanoic acid || 01:06,Heptyltriphenylphosphonium bromide (HeTPB) || Hexanoic acid || 01:06,1,0.0,0.0,0.0,0.0,0.0,0.0,0.0,0.0,0.0,0.0,0.0,0.0,0.0,0.0,0.0,0.0,-2.0,-0.2857142857142847,-0.7802000000000007,-0.11145714285714314,0.0,0.0,-2.0,-0.2857142857142856,0.0,0.0,0.0,0.0,-2.0,-0.7802000000000007,0.0,-2.0,0.0,0.0,0.0,0.0,0.0,0.0,0.0,0.0,0.0,0.0,0.0,0.0,0.0,0.0,0.0,0.0,0.0,0.0,0.2857142857142847,-7.428571428571331,0.06648401826483985,0.11145714285714314,0.0,-0.42796199142857194,0.13493118528156378,4.007714285714314,-1472.1256345714355,0.057072125922985606,0.0,0.0,0.2857142857142856,-1.7142857142857117,0.08211143695014655,0.0,0.0,0.0,0.0
10.1016/j.talanta.2025.127692,Picoxystrobin,Heptyltriphenylphosphonium bromide (HeTPB) || Hexanoic acid || 01:06,Amyltriphenylphosphonium bromide (ATPB) || Hexanoic acid || 01:06,0,0.0,0.0,0.0,0.0,0.0,0.0,0.0,0.0,0.0,0.0,0.0,0.0,0.0,0.0,0.0,0.0,2.0,0.2857142857142847,0.7802000000000007,0.11145714285714314,0.0,0.0,2.0,0.2857142857142856,0.0,0.0,0.0,0.0,2.0,0.7802000000000007,0.0,2.0,0.0,0.0,0.0,0.0,0.0,0.0,0.0,0.0,0.0,0.0,0.0,0.0,0.0,0.0,0.0,0.0,0.0,0.0,-0.2857142857142847,7.428571428571331,-0.06648401826483985,-0.11145714285714314,0.0,0.42796199142857194,-0.13493118528156378,-4.007714285714314,1472.1256345714355,-0.057072125922985606,0.0,0.0,-0.2857142857142856,1.7142857142857117,-0.08211143695014655,0.0,0.0,0.0,0.0
10.1016/j.talanta.2025.127692,Picoxystrobin,Amyltriphenylphosphonium bromide (ATPB) || Hexanoic acid || 01:06,(1-octyl) triphenylphosphonium bromide (OTPB) || Hexanoic acid || 01:06,1,0.0,0.0,0.0,0.0,0.0,0.0,0.0,0.0,0.0,0.0,0.0,0.0,0.0,0.0,0.0,0.0,5.0,0.7142857142857153,-0.9468000000000012,0.2847999999999997,0.0,0.0,2.0,0.5714285714285716,0.0,0.0,0.0,0.0,5.0,1.9935999999999987,0.0,4.0,0.0,0.0,0.0,0.0,0.0,0.0,0.0,0.0,0.0,0.0,0.0,0.0,0.0,0.0,0.0,0.0,0.0,0.0,-0.7142857142857135,18.57142857142867,-0.18331990330378778,-0.2847999999999997,0.0,1.0935465599999992,-0.4395747498100051,-10.0192857142857,3680.3140864285742,-0.15614899612178634,0.0,0.0,-0.5714285714285716,3.4285714285714306,-0.20071684587813632,0.0,0.0,0.0,0.0
10.1016/j.talanta.2025.127692,Picoxystrobin,(1-octyl) triphenylphosphonium bromide (OTPB) || Hexanoic acid || 01:06,Amyltriphenylphosphonium bromide (ATPB) || Hexanoic acid || 01:06,0,0.0,0.0,0.0,0.0,0.0,0.0,0.0,0.0,0.0,0.0,0.0,0.0,0.0,0.0,0.0,0.0,-5.0,-0.7142857142857153,0.9468000000000012,-0.2847999999999997,0.0,0.0,-2.0,-0.5714285714285716,0.0,0.0,0.0,0.0,-5.0,-1.9935999999999987,0.0,-4.0,0.0,0.0,0.0,0.0,0.0,0.0,0.0,0.0,0.0,0.0,0.0,0.0,0.0,0.0,0.0,0.0,0.0,0.0,0.7142857142857135,-18.57142857142867,0.18331990330378778,0.2847999999999997,0.0,-1.0935465599999992,0.4395747498100051,10.0192857142857,-3680.3140864285742,0.15614899612178634,0.0,0.0,0.5714285714285716,-3.4285714285714306,0.20071684587813632,0.0,0.0,0.0,0.0
10.1016/j.talanta.2025.127692,Picoxystrobin,Amyltriphenylphosphonium bromide (ATPB) || Hexanoic acid || 01:06,Amyltriphenylphosphonium bromide (ATPB) || Pentanoic acid || 01:06,1,0.0,0.0,0.0,0.0,0.0,0.0,0.0,0.0,0.0,0.0,0.0,0.0,0.0,0.0,0.0,0.0,-1.0,0.8571428571428577,-0.3900999999999999,0.33437142857142854,0.0,0.0,-1.0,0.8571428571428568,0.0,0.0,0.0,0.0,0.0,0.0,0.0,0.0,0.0,0.0,0.0,1.0,0.3900999999999999,0.0,1.0,0.0,0.0,0.0,0.0,0.0,0.0,0.0,0.0,0.0,0.0,0.0,-0.8571428571428594,22.285714285714334,-0.22326722551625444,-0.3343714285714281,0.0,1.283885974285715,-0.5344684374468538,-12.023142857142886,4416.376903714292,-0.18994021001330852,0.0,0.0,-0.8571428571428572,5.142857142857142,-0.3251612903225807,0.0,0.0,0.0,0.0
10.1016/j.talanta.2025.127692,Picoxystrobin,Amyltriphenylphosphonium bromide (ATPB) || Pentanoic acid || 01:06,Amyltriphenylphosphonium bromide (ATPB) || Hexanoic acid || 01:06,0,0.0,0.0,0.0,0.0,0.0,0.0,0.0,0.0,0.0,0.0,0.0,0.0,0.0,0.0,0.0,0.0,1.0,-0.8571428571428577,0.3900999999999999,-0.33437142857142854,0.0,0.0,1.0,-0.8571428571428568,0.0,0.0,0.0,0.0,0.0,0.0,0.0,0.0,0.0,0.0,0.0,-1.0,-0.3900999999999999,0.0,-1.0,0.0,0.0,0.0,0.0,0.0,0.0,0.0,0.0,0.0,0.0,0.0,0.8571428571428594,-22.285714285714334,0.22326722551625444,0.3343714285714281,0.0,-1.283885974285715,0.5344684374468538,12.023142857142886,-4416.376903714292,0.18994021001330852,0.0,0.0,0.8571428571428572,-5.142857142857142,0.3251612903225807,0.0,0.0,0.0,0.0
10.1016/j.talanta.2025.127692,Picoxystrobin,Amyltriphenylphosphonium bromide (ATPB) || Hexanoic acid || 01:06,Amyltriphenylphosphonium bromide (ATPB) || Heptanoic acid || 01:06,1,0.0,0.0,0.0,0.0,0.0,0.0,0.0,0.0,0.0,0.0,0.0,0.0,0.0,0.0,0.0,0.0,1.0,-0.8571428571428577,0.39009999999999995,-0.3343714285714283,0.0,0.0,1.0,-0.8571428571428568,0.0,0.0,0.0,0.0,0.0,0.0,0.0,0.0,0.0,0.0,0.0,-1.0,-0.3900999999999999,0.0,-1.0,0.0,0.0,0.0,0.0,0.0,0.0,0.0,0.0,0.0,0.0,0.0,0.8571428571428577,-22.28571428571422,0.18935321657707638,0.33437142857142854,0.0,-1.283885974285714,0.36099992863971697,12.023142857142915,-4416.376903714299,0.16317374722358124,0.0,0.0,0.8571428571428568,-5.142857142857142,0.21970357454228417,0.0,0.0,0.0,0.0
10.1016/j.talanta.2025.127692,Picoxystrobin,Amyltriphenylphosphonium bromide (ATPB) || Heptanoic acid || 01:06,Amyltriphenylphosphonium bromide (ATPB) || Hexanoic acid || 01:06,0,0.0,0.0,0.0,0.0,0.0,0.0,0.0,0.0,0.0,0.0,0.0,0.0,0.0,0.0,0.0,0.0,-1.0,0.8571428571428577,-0.39009999999999995,0.3343714285714283,0.0,0.0,-1.0,0.8571428571428568,0.0,0.0,0.0,0.0,0.0,0.0,0.0,0.0,0.0,0.0,0.0,1.0,0.3900999999999999,0.0,1.0,0.0,0.0,0.0,0.0,0.0,0.0,0.0,0.0,0.0,0.0,0.0,-0.8571428571428577,22.28571428571422,-0.18935321657707638,-0.33437142857142854,0.0,1.283885974285714,-0.36099992863971697,-12.023142857142915,4416.376903714299,-0.16317374722358124,0.0,0.0,-0.8571428571428568,5.142857142857142,-0.21970357454228417,0.0,0.0,0.0,0.0
10.1016/j.talanta.2025.127692,Picoxystrobin,Amyltriphenylphosphonium bromide (ATPB) || Hexanoic acid || 01:06,Amyltriphenylphosphonium bromide (ATPB) || Octanoic acid || 01:06,1,0.0,0.0,0.0,0.0,0.0,0.0,0.0,0.0,0.0,0.0,0.0,0.0,0.0,0.0,0.0,0.0,2.0,-1.7142857142857135,0.2665999999999977,-0.6687428571428569,0.0,0.0,2.0,-1.7142857142857144,0.0,0.0,0.0,0.0,0.0,0.0,0.0,0.0,0.0,0.0,0.0,-2.0,-0.7802000000000002,0.0,-2.0,0.0,0.0,0.0,0.0,0.0,0.0,0.0,0.0,0.0,0.0,0.0,1.7142857142857135,-44.5714285714285,0.35197421434327136,0.6687428571428571,-1.0,-2.56777194857143,0.6211919887332156,24.046285714285744,-8832.75380742857,0.3048665279483096,0.0,0.0,1.428571428571428,-10.285714285714288,0.3780945236309077,0.0,0.0,0.0,0.0
10.1016/j.talanta.2025.127692,Picoxystrobin,Amyltriphenylphosphonium bromide (ATPB) || Octanoic acid || 01:06,Amyltriphenylphosphonium bromide (ATPB) || Hexanoic acid || 01:06,0,0.0,0.0,0.0,0.0,0.0,0.0,0.0,0.0,0.0,0.0,0.0,0.0,0.0,0.0,0.0,0.0,-2.0,1.7142857142857135,-0.2665999999999977,0.6687428571428569,0.0,0.0,-2.0,1.7142857142857144,0.0,0.0,0.0,0.0,0.0,0.0,0.0,0.0,0.0,0.0,0.0,2.0,0.7802000000000002,0.0,2.0,0.0,0.0,0.0,0.0,0.0,0.0,0.0,0.0,0.0,0.0,0.0,-1.7142857142857135,44.5714285714285,-0.35197421434327136,-0.6687428571428571,1.0,2.56777194857143,-0.6211919887332156,-24.046285714285744,8832.75380742857,-0.3048665279483096,0.0,0.0,-1.428571428571428,10.285714285714288,-0.3780945236309077,0.0,0.0,0.0,0.0
10.1016/j.talanta.2025.127692,Picoxystrobin,Amyltriphenylphosphonium bromide (ATPB) || Hexanoic acid || 01:06,Amyltriphenylphosphonium bromide (ATPB) || Nonanoic acid || 01:06,1,0.0,0.0,0.0,0.0,0.0,0.0,0.0,0.0,0.0,0.0,0.0,0.0,0.0,0.0,0.0,0.0,3.0,-2.571428571428571,-0.1235000000000035,-1.0031142857142867,0.0,0.0,3.0,-2.571428571428571,0.0,0.0,0.0,0.0,0.0,0.0,0.0,0.0,0.0,0.0,0.0,-3.0,-1.170300000000001,0.0,-3.0,0.0,0.0,0.0,0.0,0.0,0.0,0.0,0.0,0.0,0.0,0.0,2.571428571428571,-66.85714285714278,0.4931506849315066,1.003114285714287,-1.0,-3.8516579228571484,0.8176281890616524,36.06942857142863,-13249.130711142876,0.4290581653358949,0.0,0.0,0.5714285714285712,-15.428571428571427,0.49769585253456217,0.0,0.0,0.0,0.0
10.1016/j.talanta.2025.127692,Picoxystrobin,Amyltriphenylphosphonium bromide (ATPB) || Nonanoic acid || 01:06,Amyltriphenylphosphonium bromide (ATPB) || Hexanoic acid || 01:06,0,0.0,0.0,0.0,0.0,0.0,0.0,0.0,0.0,0.0,0.0,0.0,0.0,0.0,0.0,0.0,0.0,-3.0,2.571428571428571,0.1235000000000035,1.0031142857142867,0.0,0.0,-3.0,2.571428571428571,0.0,0.0,0.0,0.0,0.0,0.0,0.0,0.0,0.0,0.0,0.0,3.0,1.170300000000001,0.0,3.0,0.0,0.0,0.0,0.0,0.0,0.0,0.0,0.0,0.0,0.0,0.0,-2.571428571428571,66.85714285714278,-0.4931506849315066,-1.003114285714287,1.0,3.8516579228571484,-0.8176281890616524,-36.06942857142863,13249.130711142876,-0.4290581653358949,0.0,0.0,-0.5714285714285712,15.428571428571427,-0.49769585253456217,0.0,0.0,0.0,0.0
10.1016/j.talanta.2025.127692,Picoxystrobin,Amyltriphenylphosphonium bromide (ATPB) || Hexanoic acid || 01:06,Amyltriphenylphosphonium bromide (ATPB) || Hexanoic acid || 01:03,1,0.0,3.0,-0.1071428571428572,-0.1666666666666667,0.0,0.0,0.0,0.0,0.0,0.0,0.0,0.0,0.0,0.1071428571428571,0.0,0.1071428571428571,0.0,-1.8214285714285712,0.0,-0.0560785714285712,0.0,-0.3214285714285715,0.0,-0.3214285714285712,0.0,3.9964285714285666,0.0,0.0,0.0,0.0,0.0,0.0,0.0,0.0,0.0,0.0,0.0,0.0,0.0,0.0,-0.10714285714285676,0.5357142857142856,-0.833333333333333,0.1071428571428571,0.0,0.0,0.5357142857142856,0.0,0.5357142857142856,0.0,1.8214285714285712,-47.357142857142776,0.37070170533966973,0.05607857142857142,0.0,-0.2153248907142853,0.06999890022570687,31.840607142857152,-11695.787337535716,0.38716469323627534,0.3214285714285714,-0.6428571428571429,0.3214285714285712,-1.928571428571427,0.09168081494057723,-3.9964285714285666,0.0,230.39410714285714,-0.2575960679177838
10.1016/j.talanta.2025.127692,Picoxystrobin,Amyltriphenylphosphonium bromide (ATPB) || Hexanoic acid || 01:03,Amyltriphenylphosphonium bromide (ATPB) || Hexanoic acid || 01:06,0,0.0,-3.0,0.1071428571428572,0.1666666666666667,0.0,0.0,0.0,0.0,0.0,0.0,0.0,0.0,0.0,-0.1071428571428571,0.0,-0.1071428571428571,0.0,1.8214285714285712,0.0,0.0560785714285712,0.0,0.3214285714285715,0.0,0.3214285714285712,0.0,-3.9964285714285666,0.0,0.0,0.0,0.0,0.0,0.0,0.0,0.0,0.0,0.0,0.0,0.0,0.0,0.0,0.10714285714285676,-0.5357142857142856,0.833333333333333,-0.1071428571428571,0.0,0.0,-0.5357142857142856,0.0,-0.5357142857142856,0.0,-1.8214285714285712,47.357142857142776,-0.37070170533966973,-0.05607857142857142,0.0,0.2153248907142853,-0.06999890022570687,-31.840607142857152,11695.787337535716,-0.38716469323627534,-0.3214285714285714,0.6428571428571429,-0.3214285714285712,1.928571428571427,-0.09168081494057723,3.9964285714285666,0.0,-230.39410714285714,0.2575960679177838
10.1016/j.talanta.2025.127692,Picoxystrobin,Amyltriphenylphosphonium bromide (ATPB) || Hexanoic acid || 01:06,Amyltriphenylphosphonium bromide (ATPB) || Hexanoic acid || 01:10,1,0.0,-4.0,0.051948051948051896,0.0666666666666666,0.0,0.0,0.0,0.0,0.0,0.0,0.0,0.0,0.0,-0.051948051948052076,0.0,-0.051948051948052076,0.0,0.8831168831168856,0.0,0.027189610389610985,0.0,0.15584415584415579,0.0,0.15584415584415634,0.0,-1.9376623376623385,0.0,0.0,0.0,0.0,0.0,0.0,0.0,0.0,0.0,0.0,0.0,0.0,0.0,0.0,0.05194805194805241,-0.2597402597402594,0.3333333333333339,-0.051948051948052076,0.0,0.0,-0.2597402597402594,0.0,-0.2597402597402594,0.0,-0.8831168831168821,22.961038961039065,-0.2306588388780173,-0.027189610389610763,0.0,0.10439994701298883,-0.035602323820765225,-15.437870129870134,5670.684769714295,-0.24970230122061166,-0.1558441558441559,0.3116883116883117,-0.15584415584415634,0.9350649350649363,-0.04941660947151694,1.937662337662342,0.0,-111.70623376623394,0.10303842716711342
10.1016/j.talanta.2025.127692,Picoxystrobin,Amyltriphenylphosphonium bromide (ATPB) || Hexanoic acid || 01:10,Amyltriphenylphosphonium bromide (ATPB) || Hexanoic acid || 01:06,0,0.0,4.0,-0.051948051948051896,-0.0666666666666666,0.0,0.0,0.0,0.0,0.0,0.0,0.0,0.0,0.0,0.051948051948052076,0.0,0.051948051948052076,0.0,-0.8831168831168856,0.0,-0.027189610389610985,0.0,-0.15584415584415579,0.0,-0.15584415584415634,0.0,1.9376623376623385,0.0,0.0,0.0,0.0,0.0,0.0,0.0,0.0,0.0,0.0,0.0,0.0,0.0,0.0,-0.05194805194805241,0.2597402597402594,-0.3333333333333339,0.051948051948052076,0.0,0.0,0.2597402597402594,0.0,0.2597402597402594,0.0,0.8831168831168821,-22.961038961039065,0.2306588388780173,0.027189610389610763,0.0,-0.10439994701298883,0.035602323820765225,15.437870129870134,-5670.684769714295,0.24970230122061166,0.1558441558441559,-0.3116883116883117,0.15584415584415634,-0.9350649350649363,0.04941660947151694,-1.937662337662342,0.0,111.70623376623394,-0.10303842716711342
10.18502/ijph.v52i11.14043,Dichlorvos,Choline chloride || Phenol || 01:02,Choline chloride || Phenol || 01:03,1,0.0,-1.0,0.08333333333333331,0.16666666666666669,0.0,0.0,0.0,0.0,0.0,0.0,0.0,0.0,0.0,0.0,0.0,0.0,0.0,0.08333333333333304,0.0,-0.3919416666666663,0.0,-0.08333333333333337,0.0,0.16666666666666663,0.0,0.0,0.0,0.0,0.0,0.0,0.0,0.0,0.0,0.0,0.0,0.0,0.0,0.0,0.0,0.0,0.0,0.0,0.0,0.0,0.0,0.0,0.0,0.0,0.0,0.0,-0.08333333333333304,0.9166666666666572,-0.01724137931034475,0.3919416666666664,0.0,-1.0505604433333329,-27.654887735534842,-3.792749999999998,838.1067240000048,-0.07269864291905481,-0.08333333333333337,0.0,-0.16666666666666696,0.6666666666666665,-2.0,0.0,0.0,0.0,0.0
10.18502/ijph.v52i11.14043,Dichlorvos,Choline chloride || Phenol || 01:03,Choline chloride || Phenol || 01:02,0,0.0,1.0,-0.08333333333333331,-0.16666666666666669,0.0,0.0,0.0,0.0,0.0,0.0,0.0,0.0,0.0,0.0,0.0,0.0,0.0,-0.08333333333333304,0.0,0.3919416666666663,0.0,0.08333333333333337,0.0,-0.16666666666666663,0.0,0.0,0.0,0.0,0.0,0.0,0.0,0.0,0.0,0.0,0.0,0.0,0.0,0.0,0.0,0.0,0.0,0.0,0.0,0.0,0.0,0.0,0.0,0.0,0.0,0.0,0.08333333333333304,-0.9166666666666572,0.01724137931034475,-0.3919416666666664,0.0,1.0505604433333329,27.654887735534842,3.792749999999998,-838.1067240000048,0.07269864291905481,0.08333333333333337,0.0,0.16666666666666696,-0.6666666666666665,2.0,0.0,0.0,0.0,0.0
10.18502/ijph.v52i11.14043,Dichlorvos,Choline chloride || Phenol || 01:02,Choline chloride || Phenol || 01:04,1,0.0,-2.0,0.1333333333333333,0.25,0.0,0.0,0.0,0.0,0.0,0.0,0.0,0.0,0.0,0.0,0.0,0.0,0.0,0.13333333333333286,0.0,-0.6271066666666663,0.0,-0.13333333333333341,0.0,0.2666666666666666,0.0,0.0,0.0,0.0,0.0,0.0,0.0,0.0,0.0,0.0,0.0,0.0,0.0,0.0,0.0,0.0,0.0,0.0,0.0,0.0,0.0,0.0,0.0,0.0,0.0,0.0,-0.13333333333333286,1.4666666666666544,-0.02777777777777768,0.6271066666666663,0.0,-1.6808967093333327,-21.20326468096331,-6.068400000000025,1340.9707584000025,-0.11888235057235175,-0.13333333333333341,0.0,-0.26666666666666705,1.0666666666666664,-4.0,0.0,0.0,0.0,0.0
10.18502/ijph.v52i11.14043,Dichlorvos,Choline chloride || Phenol || 01:04,Choline chloride || Phenol || 01:02,0,0.0,2.0,-0.1333333333333333,-0.25,0.0,0.0,0.0,0.0,0.0,0.0,0.0,0.0,0.0,0.0,0.0,0.0,0.0,-0.13333333333333286,0.0,0.6271066666666663,0.0,0.13333333333333341,0.0,-0.2666666666666666,0.0,0.0,0.0,0.0,0.0,0.0,0.0,0.0,0.0,0.0,0.0,0.0,0.0,0.0,0.0,0.0,0.0,0.0,0.0,0.0,0.0,0.0,0.0,0.0,0.0,0.0,0.13333333333333286,-1.4666666666666544,0.02777777777777768,-0.6271066666666663,0.0,1.6808967093333327,21.20326468096331,6.068400000000025,-1340.9707584000025,0.11888235057235175,0.13333333333333341,0.0,0.26666666666666705,-1.0666666666666664,4.0,0.0,0.0,0.0,0.0
10.18502/ijph.v52i11.14043,Fenthion,Choline chloride || Phenol || 01:02,Choline chloride || Phenol || 01:03,1,0.0,-1.0,0.08333333333333331,0.16666666666666669,0.0,0.0,0.0,0.0,0.0,0.0,0.0,0.0,0.0,0.0,0.0,0.0,0.0,0.08333333333333304,0.0,-0.3919416666666663,0.0,-0.08333333333333337,0.0,0.16666666666666663,0.0,0.0,0.0,0.0,0.0,0.0,0.0,0.0,0.0,0.0,0.0,0.0,0.0,0.0,0.0,0.0,0.0,0.0,0.0,0.0,0.0,0.0,0.0,0.0,0.0,0.0,-0.08333333333333215,1.3333333333333144,-0.0250783699059558,0.39194166666666685,0.0,-1.4160930805,-37.277146129772476,-3.7927500000000123,1055.6550712499993,-0.09156911509338173,0.08333333333333331,-0.08333333333333337,-0.16666666666666696,0.833333333333333,-2.5,0.0,0.0,0.0,0.0
10.18502/ijph.v52i11.14043,Fenthion,Choline chloride || Phenol || 01:03,Choline chloride || Phenol || 01:02,0,0.0,1.0,-0.08333333333333331,-0.16666666666666669,0.0,0.0,0.0,0.0,0.0,0.0,0.0,0.0,0.0,0.0,0.0,0.0,0.0,-0.08333333333333304,0.0,0.3919416666666663,0.0,0.08333333333333337,0.0,-0.16666666666666663,0.0,0.0,0.0,0.0,0.0,0.0,0.0,0.0,0.0,0.0,0.0,0.0,0.0,0.0,0.0,0.0,0.0,0.0,0.0,0.0,0.0,0.0,0.0,0.0,0.0,0.0,0.08333333333333215,-1.3333333333333144,0.0250783699059558,-0.39194166666666685,0.0,1.4160930805,37.277146129772476,3.7927500000000123,-1055.6550712499993,0.09156911509338173,-0.08333333333333331,0.08333333333333337,0.16666666666666696,-0.833333333333333,2.5,0.0,0.0,0.0,0.0
10.18502/ijph.v52i11.14043,Fenthion,Choline chloride || Phenol || 01:02,Choline chloride || Phenol || 01:04,1,0.0,-2.0,0.1333333333333333,0.25,0.0,0.0,0.0,0.0,0.0,0.0,0.0,0.0,0.0,0.0,0.0,0.0,0.0,0.13333333333333286,0.0,-0.6271066666666663,0.0,-0.13333333333333341,0.0,0.2666666666666666,0.0,0.0,0.0,0.0,0.0,0.0,0.0,0.0,0.0,0.0,0.0,0.0,0.0,0.0,0.0,0.0,0.0,0.0,0.0,0.0,0.0,0.0,0.0,0.0,0.0,0.0,-0.13333333333333286,2.1333333333333115,-0.04040404040404022,0.6271066666666667,0.0,-2.2657489288,-28.580741440685753,-6.068400000000025,1689.048114000001,-0.14974078201503982,0.13333333333333341,-0.13333333333333341,-0.2666666666666666,1.333333333333333,-5.0,0.0,0.0,0.0,0.0
10.18502/ijph.v52i11.14043,Fenthion,Choline chloride || Phenol || 01:04,Choline chloride || Phenol || 01:02,0,0.0,2.0,-0.1333333333333333,-0.25,0.0,0.0,0.0,0.0,0.0,0.0,0.0,0.0,0.0,0.0,0.0,0.0,0.0,-0.13333333333333286,0.0,0.6271066666666663,0.0,0.13333333333333341,0.0,-0.2666666666666666,0.0,0.0,0.0,0.0,0.0,0.0,0.0,0.0,0.0,0.0,0.0,0.0,0.0,0.0,0.0,0.0,0.0,0.0,0.0,0.0,0.0,0.0,0.0,0.0,0.0,0.0,0.13333333333333286,-2.1333333333333115,0.04040404040404022,-0.6271066666666667,0.0,2.2657489288,28.580741440685753,6.068400000000025,-1689.048114000001,0.14974078201503982,-0.13333333333333341,0.13333333333333341,0.2666666666666666,-1.333333333333333,5.0,0.0,0.0,0.0,0.0
10.18502/ijph.v52i11.14043,Metribuzin,Choline chloride || Phenol || 01:02,Choline chloride || Phenol || 01:03,1,0.0,-1.0,0.08333333333333331,0.16666666666666669,0.0,0.0,0.0,0.0,0.0,0.0,0.0,0.0,0.0,0.0,0.0,0.0,0.0,0.08333333333333304,0.0,-0.3919416666666663,0.0,-0.08333333333333337,0.0,0.16666666666666663,0.0,0.0,0.0,0.0,0.0,0.0,0.0,0.0,0.0,0.0,0.0,0.0,0.0,0.0,0.0,0.0,0.0,0.0,0.0,0.0,0.0,0.0,0.0,0.0,0.0,0.0,-0.08333333333333304,1.1666666666666572,-0.021943573667712046,0.39194166666666647,0.0,-0.1456063291666666,-3.8329319481238624,-3.7927500000000123,812.7635684999987,-0.0705003393386423,0.08333333333333331,-0.08333333333333337,-0.16666666666666669,0.16666666666666663,-0.5,0.0,0.0,0.0,0.0
10.18502/ijph.v52i11.14043,Metribuzin,Choline chloride || Phenol || 01:03,Choline chloride || Phenol || 01:02,0,0.0,1.0,-0.08333333333333331,-0.16666666666666669,0.0,0.0,0.0,0.0,0.0,0.0,0.0,0.0,0.0,0.0,0.0,0.0,0.0,-0.08333333333333304,0.0,0.3919416666666663,0.0,0.08333333333333337,0.0,-0.16666666666666663,0.0,0.0,0.0,0.0,0.0,0.0,0.0,0.0,0.0,0.0,0.0,0.0,0.0,0.0,0.0,0.0,0.0,0.0,0.0,0.0,0.0,0.0,0.0,0.0,0.0,0.0,0.08333333333333304,-1.1666666666666572,0.021943573667712046,-0.39194166666666647,0.0,0.1456063291666666,3.8329319481238624,3.7927500000000123,-812.7635684999987,0.0705003393386423,-0.08333333333333331,0.08333333333333337,0.16666666666666669,-0.16666666666666663,0.5,0.0,0.0,0.0,0.0
10.18502/ijph.v52i11.14043,Metribuzin,Choline chloride || Phenol || 01:02,Choline chloride || Phenol || 01:04,1,0.0,-2.0,0.1333333333333333,0.25,0.0,0.0,0.0,0.0,0.0,0.0,0.0,0.0,0.0,0.0,0.0,0.0,0.0,0.13333333333333286,0.0,-0.6271066666666663,0.0,-0.13333333333333341,0.0,0.2666666666666666,0.0,0.0,0.0,0.0,0.0,0.0,0.0,0.0,0.0,0.0,0.0,0.0,0.0,0.0,0.0,0.0,0.0,0.0,0.0,0.0,0.0,0.0,0.0,0.0,0.0,0.0,-0.13333333333333286,1.86666666666666,-0.03535353535353569,0.4670266666666665,0.0,-0.2329701266666667,-2.938745272712235,-6.068400000000011,1300.421709600003,-0.11528751734827059,0.13333333333333341,-0.13333333333333341,-0.26666666666666666,0.2666666666666666,-1.0,0.0,0.0,0.0,0.0
10.18502/ijph.v52i11.14043,Metribuzin,Choline chloride || Phenol || 01:04,Choline chloride || Phenol || 01:02,0,0.0,2.0,-0.1333333333333333,-0.25,0.0,0.0,0.0,0.0,0.0,0.0,0.0,0.0,0.0,0.0,0.0,0.0,0.0,-0.13333333333333286,0.0,0.6271066666666663,0.0,0.13333333333333341,0.0,-0.2666666666666666,0.0,0.0,0.0,0.0,0.0,0.0,0.0,0.0,0.0,0.0,0.0,0.0,0.0,0.0,0.0,0.0,0.0,0.0,0.0,0.0,0.0,0.0,0.0,0.0,0.0,0.0,0.13333333333333286,-1.86666666666666,0.03535353535353569,-0.4670266666666665,0.0,0.2329701266666667,2.938745272712235,6.068400000000011,-1300.421709600003,0.11528751734827059,-0.13333333333333341,0.13333333333333341,0.26666666666666666,-0.2666666666666666,1.0,0.0,0.0,0.0,0.0
10.29333/ejac/97219,Alpha-Endosulfan,Choline chloride || Ethylene glycol || 01:01,Choline chloride || Oxalic acid || 01:01,1,0.0,0.0,0.0,0.0,0.0,0.0,0.0,0.0,0.0,0.0,0.0,0.0,0.0,0.0,0.0,0.0,2.0,-1.0,-0.1846000000000001,-0.09230000000000027,0.0,0.0,-1.0,0.5,-34.14,-17.070000000000007,0.0,0.0,0.0,0.0,0.0,0.0,0.0,0.0,0.0,-2.0,-0.1846000000000001,0.0,1.0,-34.14000000000001,0.0,0.0,0.0,0.0,0.0,0.0,0.0,0.0,0.0,0.0,1.0,-19.0,0.4523809523809521,0.09229999999999983,0.0,-0.3405685400000005,0.07553382818493848,13.983000000000004,-5690.088206999986,0.4913609634607017,0.0,0.0,0.5,0.0,0.0,-6.700000000000001,0.0,-606.4971000000003,0.42152742147159417
10.29333/ejac/97219,Alpha-Endosulfan,Choline chloride || Oxalic acid || 01:01,Choline chloride || Ethylene glycol || 01:01,0,0.0,0.0,0.0,0.0,0.0,0.0,0.0,0.0,0.0,0.0,0.0,0.0,0.0,0.0,0.0,0.0,-2.0,1.0,0.1846000000000001,0.09230000000000027,0.0,0.0,1.0,-0.5,34.14,17.070000000000007,0.0,0.0,0.0,0.0,0.0,0.0,0.0,0.0,0.0,2.0,0.1846000000000001,0.0,-1.0,34.14000000000001,0.0,0.0,0.0,0.0,0.0,0.0,0.0,0.0,0.0,0.0,-1.0,19.0,-0.4523809523809521,-0.09229999999999983,0.0,0.3405685400000005,-0.07553382818493848,-13.983000000000004,5690.088206999986,-0.4913609634607017,0.0,0.0,-0.5,0.0,0.0,6.700000000000001,0.0,606.4971000000003,-0.42152742147159417
10.29333/ejac/97219,Alpha-Endosulfan,Choline chloride || Ethylene glycol || 01:01,Choline chloride || Citric acid || 01:01,1,0.0,0.0,0.0,0.0,0.0,0.0,0.0,0.0,0.0,0.0,0.0,0.0,-2.0,-1.0,-2.0,-1.0,-1.0,-4.5,0.21950000000000047,0.10975000000000001,0.0,0.0,-2.0,-2.0,-91.67,-45.834999999999994,0.0,0.0,0.0,0.0,0.0,0.0,0.0,-2.0,-2.0,-9.0,0.21950000000000003,0.0,-4.0,-91.66999999999999,1.0,-3.0,0.8,-1.0,0.0,0.0,-3.0,0.0,-3.0,0.0,4.5,-85.5,1.3571428571428574,-0.10975000000000001,0.0,0.4049555500000004,-0.08185418064442307,65.02750000000003,-26461.57554749999,1.5818783740508664,0.0,0.0,-2.0,0.0,0.0,-35.46499999999999,1.0,-1628.51755,0.704472967974273
10.29333/ejac/97219,Alpha-Endosulfan,Choline chloride || Citric acid || 01:01,Choline chloride || Ethylene glycol || 01:01,0,0.0,0.0,0.0,0.0,0.0,0.0,0.0,0.0,0.0,0.0,0.0,0.0,2.0,1.0,2.0,1.0,1.0,4.5,-0.21950000000000047,-0.10975000000000001,0.0,0.0,2.0,2.0,91.67,45.834999999999994,0.0,0.0,0.0,0.0,0.0,0.0,0.0,2.0,2.0,9.0,-0.21950000000000003,0.0,4.0,91.66999999999999,-1.0,3.0,-0.8,1.0,0.0,0.0,3.0,0.0,3.0,0.0,-4.5,85.5,-1.3571428571428574,0.10975000000000001,0.0,-0.4049555500000004,0.08185418064442307,-65.02750000000003,26461.57554749999,-1.5818783740508664,0.0,0.0,2.0,0.0,0.0,35.46499999999999,-1.0,1628.51755,-0.704472967974273
